position,Bases,Unique bases
401,GAG,AG
506,GGA,AG
666,GTG,GT
1110,TCT,CT
2466,CTC,CT
2521,GGA,AG
2786,TCT,CT
2828,AGA,AG
3221,TCC,CT
4080,TCC,CT
4180,AGA,AG
4317,TCT,CT
4548,NAA,AN
4549,NAA,AN
4550,NCC,CN
4551,NTT,NT
4552,NGG,GN
4553,NTT,NT
4554,NAA,AN
4555,NGG,GN
4556,NCC,CN
4557,NGG,GN
4558,NTT,NT
4559,NCC,CN
4560,NAA,AN
4561,NCC,CN
4562,NTT,NT
4563,NTT,NT
4564,NAA,AN
4565,NTT,NT
4566,NCC,CN
4567,NAA,AN
4568,NAA,AN
4569,NCC,CN
4570,NAA,AN
4571,NCC,CN
4572,NAA,AN
4573,NCC,CN
4574,NTT,NT
4575,NTT,NT
4576,NAA,AN
4577,NAA,AN
4578,NCC,CN
4579,NGG,GN
4580,NAA,AN
4581,NTT,NT
4582,NCC,CN
4583,NTT,NT
4584,NAA,AN
4585,NAA,AN
4586,NAA,AN
4587,NTT,NT
4588,NGG,GN
4589,NAA,AN
4590,NAA,AN
4591,NAA,AN
4592,NCC,CN
4593,NTT,NT
4594,NCC,CN
4595,NTT,NT
4596,NTT,NT
4597,NGG,GN
4598,NTT,NT
4599,NTT,NT
4600,NAA,AN
4601,NCC,CN
4602,NAA,AN
4603,NAA,AN
4604,NTT,NT
4605,NGG,GN
4606,NCC,CN
4607,NCC,CN
4608,NAA,AN
4609,NCC,CN
4610,NTT,NT
4611,NTT,NT
4612,NGG,GN
4613,NGG,GN
4614,NCC,CN
4615,NTT,NT
4616,NAA,AN
4617,NTT,NT
4618,NGG,GN
4619,NTT,NT
4620,NAA,AN
4621,NAA,AN
4622,NCC,CN
4623,NAA,AN
4624,NCC,CN
4625,NAA,AN
4626,NTT,NT
4627,NGG,GN
4628,NGG,GN
4629,NCC,CN
4630,NTT,NT
4631,NTT,NT
4632,NAA,AN
4633,NAA,AN
4634,NAA,AN
4635,NTT,NT
4636,NTT,NT
4637,NTT,NT
4638,NGG,GN
4639,NGG,GN
4640,NAA,AN
4641,NAA,AN
4642,NGG,GN
4643,NAA,AN
4644,NAA,AN
5382,TGT,GT
8142,CCT,CT
8389,GAG,AG
8863,AGG,AG
9340,TCT,CT
9420,GAG,AG
9530,TCT,CT
9862,TCT,CT
10147,NGG,GN
10148,NAA,AN
10149,NTT,NT
10150,NGG,GN
10151,NAA,AN
10152,NCC,CN
10153,NGG,GN
10154,NTT,NT
10155,NAA,AN
10156,NGG,GN
10157,NTT,NT
10158,NTT,NT
10159,NTT,NT
10160,NAA,AN
10161,NCC,CN
10162,NTT,NT
10163,NGG,GN
10164,NTT,NT
10165,NCC,CN
10166,NCC,CN
10167,NAA,AN
10168,NAA,AN
10169,NGG,GN
10170,NAA,AN
10171,NCC,CN
10172,NAA,AN
10173,NTT,NT
10174,NGG,GN
10175,NTT,NT
10176,NGG,GN
10177,NAA,AN
10178,NTT,NT
10179,NCC,CN
10180,NTT,NT
10181,NGG,GN
10182,NCC,CN
10183,NAA,AN
10184,NTC,CNT
10185,NCC,CN
10186,NTT,NT
10187,NCC,CN
10188,NTT,NT
10189,NGG,GN
10190,NAA,AN
10191,NAA,AN
10192,NGG,GN
10193,NAA,AN
10194,NCT,CNT
10195,NAA,AN
10196,NTT,NT
10197,NGG,GN
10198,NCC,CN
10199,NTT,NT
10200,NTT,NT
10201,NAA,AN
10202,NAA,AN
10203,NCC,CN
10204,NCC,CN
10205,NCC,CN
10206,NTT,NT
10207,NAA,AN
10208,NAA,AN
10209,NTT,NT
10210,NTT,NT
10211,NAA,AN
10212,NTT,NT
10213,NGG,GN
10214,NAA,AN
10215,NAA,AN
10216,NGG,GN
10217,NAA,AN
10218,NTT,NT
10219,NTT,NT
10220,NTT,NT
10221,NAA,AN
10222,NCC,CN
10223,NTT,NT
10224,NCC,CN
10225,NAA,AN
10226,NTT,NT
10227,NTT,NT
10228,NCC,CN
10229,NGG,GN
10230,NTT,NT
10231,NAA,AN
10232,NAA,AN
10233,NGG,GN
10234,NTT,NT
10235,NCC,CN
10236,NTT,NT
10237,NAA,AN
10238,NAA,AN
10239,NTT,NT
10240,NCC,CN
10241,NAA,AN
10242,NTT,NT
10243,NAA,AN
10244,NAA,AN
10245,NTT,NT
10246,NTT,NT
10247,NTT,NT
10248,NCC,CN
10249,NTT,NT
10250,NTT,NT
10251,NGG,GN
10252,NGG,GN
10253,NTT,NT
10254,NAA,AN
10255,NCC,CN
10256,NAA,AN
10257,NGG,GN
10258,NGG,GN
10259,NCC,CN
10260,NTT,NT
10261,NGG,GN
10262,NGG,GN
10263,NTT,NT
10264,NAA,AN
10265,NAA,AN
10266,NTT,NT
10267,NGG,GN
10268,NTT,NT
10269,NTT,NT
10270,NCC,CN
10271,NAA,AN
10272,NAA,AN
10273,NCC,CN
10274,NTT,NT
10275,NCC,CN
10276,NAA,AN
10277,NGG,GN
10278,NGG,GN
10279,NGG,GN
10280,NTT,NT
10281,NTT,NT
10282,NAA,AN
10283,NTT,NT
10284,NTT,NT
10285,NGG,GN
10286,NGG,GN
10287,NAA,AN
10288,NCC,CN
10289,NAA,AN
10290,NTT,NT
10291,NTT,NT
10292,NCC,CN
10293,NTT,NT
10294,NAA,AN
10295,NTT,NT
10296,NGG,GN
10297,NCC,CN
10298,NAA,AN
10299,NAA,AN
10300,NAA,AN
10301,NAA,AN
10302,NTT,NT
10303,NTT,NT
10304,NGG,GN
10305,NTT,NT
10306,NGG,GN
10307,NTT,NT
10308,NAA,AN
10309,NCC,CN
10310,NTT,NT
10311,NTT,NT
10312,NAA,AN
10313,NAA,AN
10314,NGG,GN
10315,NCC,CN
10316,NTT,NT
10317,NTT,NT
10318,NAA,AN
10319,NAA,AN
10320,NGG,GN
10321,NGG,GN
10322,NTT,NT
10323,NTT,NT
10324,NGG,GN
10325,NAA,AN
10326,NTT,NT
10327,NAA,AN
10328,NCC,CN
10329,NAA,AN
10330,NGG,GN
10331,NCC,CN
10332,NCC,CN
10333,NAA,AN
10334,NAA,AN
10335,NTT,NT
10336,NCC,CN
10337,NCC,CN
10338,NTT,NT
10339,NAA,AN
10340,NAA,AN
10341,NGG,GN
10342,NAA,AN
10343,NCC,CN
10344,NAA,AN
10345,NCC,CN
10346,NCC,CN
10347,NTT,NT
10348,NAA,AN
10349,NAA,AN
10350,NGG,GN
10351,NTT,NT
10352,NAA,AN
10353,NTT,NT
10354,NAA,AN
10355,NAA,AN
10356,NGG,GN
10357,NTT,NT
10358,NTT,NT
10359,NTT,NT
10360,NGG,GN
10361,NTT,NT
10362,NTT,NT
10363,NCC,CN
10364,NGG,GN
10443,AGA,AG
10556,CGC,CG
10578,CTC,CT
11283,GTG,GT
11524,AGA,AG
12312,TCC,CT
12728,TCC,CT
12867,TCT,CT
13182,TCT,CT
15227,CTC,CT
15438,AGA,AG
15701,TCT,CT
15725,TCT,CT
15926,CTC,CT
16329,CTC,CT
17111,CTT,CT
17397,TCT,CT
17846,CTC,CT
18777,GAG,AG
19313,GAG,AG
19446,AAG,AG
19886,AAN,AN
19942,TCT,CT
20042,GAG,AG
21605,TCT,CT
21755,ATA,AT
21757,GAG,AG
21797,CTC,CT
21987,ACA,AC
22079,TTC,CT
22096,GCG,CG
22187,AGA,AG
22255,AAN,AN
22256,CCN,CN
22257,TTN,NT
22258,AAN,AN
22259,GGN,GN
22260,GGN,GN
22261,TTN,NT
22262,TTN,NT
22263,TTN,NT
22264,CCN,CN
22265,AAN,AN
22266,AAN,AN
22267,AAN,AN
22268,CCN,CN
22269,TTN,NT
22270,TTN,NT
22271,TTN,NT
22272,AAN,AN
22273,CCN,CN
22274,TTN,NT
22275,TTN,NT
22276,GGN,GN
22277,CCN,CN
22278,TTN,NT
22279,TTN,NT
22280,TTN,NT
22281,AAN,AN
22282,CCN,CN
22283,AAN,AN
22284,TTN,NT
22285,AAN,AN
22286,GGN,GN
22287,AAN,AN
22288,AAN,AN
22289,GGN,GN
22290,TTN,NT
22291,TTN,NT
22292,AAN,AN
22293,TTN,NT
22294,TTN,NT
22295,TTN,NT
22296,GGN,GN
22297,AAN,AN
22298,CCN,CN
22299,TTN,NT
22300,CCN,CN
22301,CCN,CN
22302,TTN,NT
22303,GGN,GN
22304,TGN,GNT
22305,TTN,NT
22306,GGN,GN
22307,AAN,AN
22308,TTN,NT
22309,TTN,NT
22310,CCN,CN
22311,TTN,NT
22312,TTN,NT
22313,CCN,CN
22314,TTN,NT
22315,TTN,NT
22316,CCN,CN
22317,AAN,AN
22318,GGN,GN
22319,GGN,GN
22320,TTN,NT
22321,TTN,NT
22564,CGC,CG
22586,CGC,CG
22651,ACA,AC
22800,KTT,KT
22882,CGC,CG
22883,CTC,CT
22885,AGA,AG
22929,GTG,GT
23005,CTT,CT
23006,CTC,CT
23018,CTC,CT
23027,AGA,AG
24987,YTT,TY
25403,TCT,CT
25797,CTC,CT
26143,CTT,CT
26262,GAG,AG
27371,CTC,CT
27814,NGG,GN
27815,NCC,CN
27816,NTT,NT
27817,NTT,NT
27818,NAA,AN
27819,NTT,NT
27820,NTT,NT
27821,NAA,AN
27822,NTT,NT
27823,NCC,CN
27824,NTT,NT
27825,NTT,NT
27826,NTT,NT
27827,NTT,NT
27828,NGG,GN
27829,NGG,GN
27830,NTT,NT
27831,NTT,NT
27832,NCC,CN
27833,NTT,NT
27834,NCC,CN
27835,NAA,AN
27836,NCC,CN
27837,NTT,NT
27838,NTT,NT
27839,NGG,GN
27840,NAA,AN
27841,NAA,AN
27842,NCC,CN
27843,NTT,NT
27844,NGG,GN
27845,NCC,CN
27846,NAA,AN
27847,NAA,AN
27848,NGG,GN
27849,NAA,AN
27850,NTT,NT
27851,NCC,CN
27852,NAA,AN
27853,NTT,NT
27854,NAA,AN
27855,NAA,AN
27856,NTT,NT
27857,NGG,GN
27858,NAA,AN
27859,NAA,AN
27860,NAA,AN
27861,NCC,CN
27862,NTT,NT
27863,NTT,NT
27864,NGG,GN
27865,NTT,NT
27866,NCC,CN
27867,NAA,AN
27868,NCC,CN
27869,NGG,GN
27870,NCC,CN
27871,NCC,CN
27872,NTT,NT
27873,NAA,AN
27874,NAA,AN
27875,NAA,AN
27876,NCC,CN
27877,NGG,GN
27878,NAA,AN
27879,NAA,AN
27880,NCC,CN
27881,NAA,AN
27882,NTT,NT
27883,NGG,GN
27884,NAA,AN
27885,NAA,AN
27886,NAA,AN
27887,NTT,NT
27888,NTT,NT
27889,NTT,NT
27890,NCC,CN
27891,NTT,NT
27892,NTT,NT
27893,NGG,GN
27894,NTT,NT
27895,NTT,NT
27896,NTT,NT
27897,NTT,NT
27898,NCC,CN
27899,NTT,NT
27900,NTT,NT
27901,NAA,AN
27902,NGG,GN
27903,NGG,GN
27904,NAA,AN
27905,NAA,AN
27906,NTT,NT
27907,NCC,CN
27908,NAA,AN
27909,NTT,NT
27910,NCC,CN
27911,NAA,AN
27912,NCC,CN
27913,NAA,AN
27914,NAA,AN
27915,NCC,CN
27916,NTT,NT
27917,NGG,GN
27918,NTT,NT
27919,NAA,AN
27920,NGG,GN
27921,NCC,CN
27922,NTT,NT
27923,NGG,GN
27924,NCC,CN
27925,NAA,AN
27926,NTT,NT
27927,NTT,NT
27928,NTT,NT
27929,NCC,CN
27930,NAA,AN
27931,NCC,CN
27932,NCC,CN
27933,NAA,AN
27934,NAA,AN
27935,NGG,GN
27936,NAA,AN
27937,NAA,AN
27938,NTT,NT
27939,NGG,GN
27940,NTT,NT
27941,NAA,AN
27942,NGG,GN
27943,NTT,NT
27944,NTT,NT
27945,NTT,NT
27946,NAA,AN
27947,NCC,CN
27948,NAA,AN
27949,NGG,GN
27950,NTT,NT
27951,NCC,CN
27952,NAA,AN
27953,NTT,NT
27954,NGG,GN
27955,NTT,NT
27956,NAA,AN
27957,NCC,CN
27958,NTT,NT
27959,NCC,CN
27960,NAA,AN
27961,NAA,AN
27962,NCC,CN
27963,NAA,AN
27964,NTT,NT
27965,NCC,CN
27966,NAA,AN
27967,NAA,AN
27968,NCC,CN
27969,NCC,CN
27970,NAA,AN
27971,NTT,NT
27972,NAA,AN
27973,NTT,NT
27974,NGG,GN
27975,NTT,NT
27976,NAA,AN
27977,NGG,GN
27978,NTT,NT
27979,NTT,NT
27980,NGG,GN
27981,NAA,AN
27982,NTT,NT
27983,NGG,GN
27984,NAA,AN
27985,NCC,CN
27986,NCC,CN
27987,NCC,CN
27988,NGG,GN
27989,NTT,NT
27990,NGG,GN
27991,NTT,NT
27992,NCC,CN
27993,NCC,CN
27994,NTT,NT
27995,NAA,AN
27996,NTT,NT
27997,NTT,NT
27998,NCC,CN
27999,NAA,AN
28000,NCC,CN
28001,NTT,NT
28002,NTT,NT
28003,NCC,CN
28004,NTT,NT
28005,NAA,AN
28006,NTT,NT
28007,NTT,NT
28008,NCC,CN
28009,NTT,NT
28010,NAA,AN
28011,NAA,AN
28012,NAA,AN
28013,NTT,NT
28014,NGG,GN
28015,NGG,GN
28016,NTT,NT
28017,NAA,AN
28018,NTT,NT
28019,NAA,AN
28020,NTT,NT
28021,NTT,NT
28022,NAA,AN
28023,NGG,GN
28024,NAA,AN
28025,NGG,GN
28026,NTT,NT
28027,NAA,AN
28028,NGG,GN
28029,NGG,GN
28030,NAA,AN
28031,NGG,GN
28032,NCC,CN
28033,NTT,NT
28034,NAA,AN
28035,NGG,GN
28036,NAA,AN
28037,NAA,AN
28038,NAA,AN
28039,NAA,AN
28040,NTT,NT
28041,NCT,CNT
28042,NAA,AN
28043,NGG,GN
28044,NCC,CN
28045,NAA,AN
28046,NCC,CN
28047,NCC,CN
28048,NTT,NT
28049,NTT,NT
28050,NTT,NT
28051,NAA,AN
28052,NAA,AN
28053,NTT,NT
28054,NTT,NT
28055,NGG,GN
28056,NAA,AN
28057,NAA,AN
28058,NTT,NT
28059,NTT,NT
28060,NGG,GN
28061,NTT,NT
28062,NGG,GN
28063,NCC,CN
28064,NGG,GN
28065,NTT,NT
28066,NGG,GN
28067,NGG,GN
28068,NAA,AN
28069,NTT,NT
28070,NGG,GN
28071,NAA,AN
28072,NGG,GN
28073,NGG,GN
28074,NCC,CN
28075,NTT,NT
28076,NGG,GN
29592,CCT,CT
